{
  "Get File By ID" : {
    "transaction" : "Get File By ID",
    "sampleCount" : 100,
    "errorCount" : 0,
    "errorPct" : 0.0,
    "meanResTime" : 32.800000000000004,
    "medianResTime" : 50.0,
    "minResTime" : 2.0,
    "maxResTime" : 60.0,
    "pct1ResTime" : 52.70000000000002,
    "pct2ResTime" : 60.0,
    "pct3ResTime" : 60.0,
    "throughput" : 10.15228426395939,
    "receivedKBytesPerSec" : 2.150618654822335,
    "sentKBytesPerSec" : 1.2690355329949239
  },
  "Get Files" : {
    "transaction" : "Get Files",
    "sampleCount" : 100,
    "errorCount" : 0,
    "errorPct" : 0.0,
    "meanResTime" : 32.07000000000001,
    "medianResTime" : 49.0,
    "minResTime" : 2.0,
    "maxResTime" : 63.0,
    "pct1ResTime" : 50.0,
    "pct2ResTime" : 60.0,
    "pct3ResTime" : 62.969999999999985,
    "throughput" : 10.154346060113728,
    "receivedKBytesPerSec" : 2.259837816054021,
    "sentKBytesPerSec" : 1.209795136068237
  },
  "Total" : {
    "transaction" : "Total",
    "sampleCount" : 400,
    "errorCount" : 0,
    "errorPct" : 0.0,
    "meanResTime" : 25.837500000000002,
    "medianResTime" : 7.0,
    "minResTime" : 2.0,
    "maxResTime" : 66.0,
    "pct1ResTime" : 50.0,
    "pct2ResTime" : 57.0,
    "pct3ResTime" : 60.0,
    "throughput" : 40.12036108324975,
    "receivedKBytesPerSec" : 7.666848200852558,
    "sentKBytesPerSec" : 6.738183299899699
  },
  "Delete File" : {
    "transaction" : "Delete File",
    "sampleCount" : 100,
    "errorCount" : 0,
    "errorPct" : 0.0,
    "meanResTime" : 4.099999999999998,
    "medianResTime" : 3.0,
    "minResTime" : 2.0,
    "maxResTime" : 50.0,
    "pct1ResTime" : 4.0,
    "pct2ResTime" : 4.949999999999989,
    "pct3ResTime" : 49.95999999999998,
    "throughput" : 10.200958890135674,
    "receivedKBytesPerSec" : 1.205386743853922,
    "sentKBytesPerSec" : 2.131841018055697
  },
  "Add File" : {
    "transaction" : "Add File",
    "sampleCount" : 100,
    "errorCount" : 0,
    "errorPct" : 0.0,
    "meanResTime" : 34.379999999999995,
    "medianResTime" : 46.0,
    "minResTime" : 2.0,
    "maxResTime" : 66.0,
    "pct1ResTime" : 56.900000000000006,
    "pct2ResTime" : 57.0,
    "pct3ResTime" : 65.93999999999997,
    "throughput" : 10.134792743488395,
    "receivedKBytesPerSec" : 2.146913322185061,
    "sentKBytesPerSec" : 2.2161941319550014
  }
}